id,firstName,lastName,birthDate,enrollmentYear,skills,courses,grades
S001,Олена,Коваленко,2004-03-12,2023,Dart;Git,CS101;MA101;EN101,CS101:92;MA101:88;EN101:79
S002,Андрій,Шевченко,2003-07-25,2022,Flutter;Dart;SQL,CS101;CS201;MA101,CS101:85;CS201:90;MA101:74
S003,Марія,Бондаренко,2004-11-02,2023,Python;SQL,CS101;MA101;PH101,CS101:58;MA101:64;PH101:71
S004,Дмитро,Мельник,2002-01-30,2021,Java;Git;Dart,CS101;CS201;EN101,CS101:77;CS201:68;EN101:90
S005,Ірина,Ткаченко,2005-05-18,2024,Python,CS101;EN101;PH101,CS101:95;EN101:84;PH101:89
S006,Сергій,Кравченко,2003-09-09,2022,Flutter;Git,CS101;CS201;MA101;PH101,CS101:66;CS201:72;MA101:55;PH101:61
S007,Наталія,Олійник,2004-02-14,2023,SQL;Dart,CS101;MA101,CS101:81;MA101:93
S008,Віктор,Лисенко,2001-12-01,2021,Java;SQL;Git,CS101;CS201;PH101,CS101:49;CS201:52;PH101:60
S009,Софія,Гончаренко,2005-08-21,2024,Flutter;Dart,CS101;EN101,CS101:98;EN101:91
S010,Богдан,Руденко,2003-04-04,2022,Python;Git,CS101;MA101;EN101;PH101,CS101:70;MA101:67;EN101:75;PH101:80
S011,Анна,Поліщук,2004-06-30,2023,Dart;Flutter;Git,CS101;CS201;EN101,CS101:89;CS201:94;EN101:86
S012,Тарас,Савченко,2002-10-10,2021,Java,CS101;MA101,CS101:63;MA101:58
